<?xml version="1.0" encoding="UTF-8" standalone="no"?>
<catalog prefer="public" xmlns="urn:oasis:names:tc:entity:xmlns:xml:catalog">
    <group id="Folder Repository, directory=, recursive=true, Auto-Update=true, version=2" prefer="public" xml:base="">
        <uri id="Automatically generated entry, Timestamp=1514916509182" name="file:/C:/Users/Cogs/Desktop/MicroblogEntry" uri="mbe.owl"/>
        <uri id="Automatically generated entry, Timestamp=1514916509182" name="http://cmt" uri="cmt.owl"/>
        <uri id="Automatically generated entry, Timestamp=1514916509182" name="http://conference" uri="conference.owl"/>
        <uri id="Automatically generated entry, Timestamp=1514916509182" name="http://confOf" uri="confOf.owl"/>
        <uri id="Automatically generated entry, Timestamp=1514916509182" name="http://dase.cs.wright.edu/ontologies/ComputationalEnvironment" uri="ComputationalEnvironment.owl"/>
        <uri id="Automatically generated entry, Timestamp=1514916509182" name="http://daselab.cs.wright.edu/ontologies/ModifiedHazardousSituation" uri="ModifiedHazardousSituation.owl"/>
        <uri id="Automatically generated entry, Timestamp=1514916509182" name="http://descartes-core.org/ontologies/activities/1.0/ActivityPattern" uri="ActivityPattern.owl"/>
        <uri id="Automatically generated entry, Timestamp=1514916509182" name="http://descartes-core.org/ontologies/lca/1.0/LCAPattern.owl" uri="LifeCycleAssessmentPattern.owl"/>
        <uri id="Automatically generated entry, Timestamp=1514916509182" name="http://edas" uri="edas.owl"/>
        <uri id="Automatically generated entry, Timestamp=1514916509182" name="http://ekaw" uri="ekaw.owl"/>
        <uri id="Automatically generated entry, Timestamp=1514916509182" name="http://iasted" uri="iasted.owl"/>
        <uri id="Automatically generated entry, Timestamp=1514916509182" name="duplicate:http://purl.org/NET/rdfchess/ontology/chessgame" uri="chessgame.owl"/>
        <uri id="Automatically generated entry, Timestamp=1514916509182" name="duplicate:http://purl.org/NET/rdfchess/ontology/chessgame" uri="chessgameshortcuts.owl"/>
        <uri id="Automatically generated entry, Timestamp=1514916509182" name="http://purl.org/net/detectorfinalstate/" uri="DetectorFinalState.owl"/>
        <uri id="Automatically generated entry, Timestamp=1514916509182" name="http://schema.geolink.org/1.0/base/main" uri="geolinkMain.owl"/>
        <uri id="Automatically generated entry, Timestamp=1514916509182" name="http://schema.geolink.org/1.0/pattern/agentrole" uri="agentrole.owl"/>
        <uri id="Automatically generated entry, Timestamp=1514916509182" name="http://schema.geolink.org/1.0/pattern/cruise" uri="cruise.owl"/>
        <uri id="Automatically generated entry, Timestamp=1514916509182" name="http://sigkdd" uri="sigkdd.owl"/>
        <uri id="Automatically generated entry, Timestamp=1514916509182" name="http://w3id.org/daselab/onto/event" uri="Event.owl"/>
        <uri id="Automatically generated entry, Timestamp=1514916509182" name="http://w3id.org/daselab/onto/spatiotemporalextent" uri="Spatiotemporalextent.owl"/>
        <uri id="Automatically generated entry, Timestamp=1514916509182" name="duplicate:http://w3id.org/daselab/onto/trajectory" uri="trajectory.owl"/>
        <uri id="Automatically generated entry, Timestamp=1514916509182" name="duplicate:http://w3id.org/daselab/onto/trajectory" uri="trajectory2.owl"/>
        <uri id="Automatically generated entry, Timestamp=1514916509182" name="http://www.descartes-core.org/patterns/owl/MaterialTransformationPattern" uri="MaterialTransformationPattern.owl"/>
    </group>
</catalog>
